,Classifier,Accuracy_train,Accuracy_test,AUC_train,AUC_test,F1_score,Time taken,Ac_rank,Time_rank,C-rank
0,N1_MultinomialNB(),0.814160918320385,0.7757166482293454,0.6383102735291877,0.5585155543683656,0.26196715614257704,8.403069972991943,5.0,5.0,1.0
1,N1_BernoulliNB(),0.8371362474317351,0.8007782863592187,0.7752238098310756,0.7164945495424757,0.584551813381972,8.21959900856018,3.0,6.0,2.0
2,N1_PassiveAggressiveClassifier(),0.891681816294329,0.8013002230393365,0.8210433614595823,0.6863185432646333,0.5480621213410786,10.181309461593628,2.0,3.0,5.5
3,N1_LinearSVC(),0.9857941997028596,0.7516254887383049,0.9759440811739619,0.6655389777456688,0.5090040012214064,17.33104705810547,6.0,1.0,3.0
4,N1_LogisticRegression(),0.9671662136598769,0.7873112227303061,0.9468994854488582,0.6856109057578724,0.5435251043422691,13.388313293457031,4.0,2.0,4.0
5,N1_SGDClassifier(),0.8791800601286797,0.805041674317782,0.7926877647991771,0.6763505180491609,0.5329432201021878,8.454358577728271,1.0,4.0,5.5
