,Classifier,Accuracy_train,Accuracy_test,AUC_train,AUC_test,F1_score,Time taken,Ac_rank,Time_rank,C-rank
0,N1_MultinomialNB(),0.8144601923003979,0.7754922652824494,0.6389201679301855,0.5699171447732649,0.261088470254322,7.713196754455566,1.0,2.0,1.5
1,N1_PassiveAggressiveClassifier(),0.9865256469277586,0.749607945664393,0.9788942320193506,0.6704700767955615,0.5056102977922401,9.336409330368042,2.0,1.0,1.5
