,Classifier,Accuracy_train,Accuracy_test,AUC_train,AUC_test,F1_score,Time taken,Ac_rank,Time_rank,C-rank
0,N2_MultinomialNB(),0.7988329594377728,0.7546941270786773,0.5980208232493285,0.5114277924708907,0.04855119889436463,18.59419846534729,2.0,1.0,1.5
1,N2_PassiveAggressiveClassifier(),0.989094159152309,0.7907541125676842,0.9841448585155673,0.7264488470715597,0.5881339849869673,18.554495334625244,1.0,2.0,1.5
