,Classifier,Accuracy_train,Accuracy_test,AUC_train,AUC_test,F1_score,Time taken,Ac_rank,Time_rank,C-rank
0,N3_MultinomialNB(),0.8040448127457932,0.7523001491407613,0.6083390369268339,0.5060384216611642,0.026973279540145688,30.67022967338562,2.0,2.0,1.0
1,N3_PassiveAggressiveClassifier(),0.989052601919964,0.7837224951741991,0.9845497710816948,0.7437258086021376,0.6053064974115976,31.56943440437317,1.0,1.0,2.0
