,Classifier,Accuracy_train,Accuracy_test,AUC_train,AUC_test,F1_score,Time taken,Ac_rank,Time_rank,C-rank
0,N3_MultinomialNB(),0.8041112965791545,0.7519260655950626,0.6084388250387203,0.4919555692228654,0.024084170378140108,27.726353883743286,5.0,6.0,1.5
1,N3_BernoulliNB(),0.8761710068330684,0.7499064511216907,0.7526448611048859,0.4865935739460716,0.0023809734709243106,28.806013822555542,6.0,5.0,1.5
2,N3_PassiveAggressiveClassifier(),0.9889778262624823,0.7912753774425719,0.9801848577971265,0.7395613832603094,0.6079410482440599,55.81688380241394,4.0,3.0,3.0
3,N3_LinearSVC(),0.9911141058223585,0.7927715996578271,0.983849540110806,0.7304199539381317,0.6003123470394163,517.9693655967712,3.0,2.0,4.5
4,N3_LogisticRegression(),0.9910559200314676,0.7954656505985784,0.984021517494274,0.7367666732790751,0.6083581912764868,1429.5231807231903,2.0,1.0,6.0
5,N3_SGDClassifier(),0.9576901524760121,0.8092301000094053,0.9204608666439051,0.7309471644230425,0.6053988323100252,30.862920999526978,1.0,4.0,4.5
